"Title","ID","Owner","Created Date","Updated Date","Nombre Participante","ID. Participante","Código ficha","Título de la iniciativa","Entidad promotora","Información de Contacto","Año Desde","Año Hasta","IMPLEMENTADA","ORIGEN (EM o INST)","PROVINCIA IMPULSORA","PROVINCIAS APLICACIÓN","T.I: 1-SERVICIOS","T.I. 2-PROCESOS","T.I. 3-GESTION PERSONAS","T.I. 4-PARTICIPACIÓN","T.I. 5-ORGANIZATIVA","T.I. 6-CAMBIO CULTURAL","T.I. 7-TECNOLÓGICA","T.I. 8-TRANSPARENCIA","T.I. 9-COLABORACIÓN","T.I. 10-GEST.CON","T.I. 11-BIENESTAR","T.I. 12-IGUALDAD GEN","T.I. 13-SENSIB.CUIDAD.","T.I. 14-NORMATIVO","A.A. 1-TURISMO","A.A. 2-JUSTICIA","A.A. 3-ADMON PUB.","A.A. 4-INTERIOR","A.A. 5-EMPLEO","A.A. 6-HACIENDA","A.A. 7-IND.ENERG","A.A. 8-EDUCACIÓN","A.A. 9-DEPORTE","A.A. 10-AGRIC-GAN-PESC","A.A. 11-M.AMBIENTE","A.A. 12-ECON.EMP.","A.A. 13-CON-UNIV","A.A. 14-SALUD","A.A. 15-POLIT.SOC.","A.A. 16-MEDIO RURAL","A.A. 17-MOVILIDAD","A.A. 18-CULTURA","A.A. 19-FOMENTO","Ayuntamientos","Diputaciones","Lista_fichas_mapeo (Código ficha)","Lista_fichas_mapeo (All)","Lista_fichas_mapeo (All)"
,"47793c90-89e3-4705-9fa4-7cda67ca1fe1","4cae7c50-911e-4ce3-af40-51b09400bae8",2019-04-05T18:50:21Z,2019-04-05T18:50:21Z,"RAFAEL ZAFRA",10,"10.08","PLAN ANDALUZ DE LA BICICLETA","CONSEJERIA DE FOMENTO Y VIVIENDA","COMISION DE SEGUIMIENTO DEL PLAN ANDALUZ DE LA BICICLETA",2014,"2020",true,"INST","ANDALUCIA","ANDALUCIA",true,false,false,false,false,false,false,false,false,false,false,false,false,false,false,false,false,false,false,false,false,false,false,false,false,false,false,false,false,false,true,false,true,false,false,"/ficha-mapeo/10.08","/lista-ficha-mapeo/","/lista-ficha-mapeo-2/"
,"c65da1b2-3d6e-4396-83cf-5db133a2c87e","4cae7c50-911e-4ce3-af40-51b09400bae8",2019-04-05T18:50:21Z,2019-04-05T18:50:21Z,"RAFAEL ZAFRA",10,"10.09","PROGRAMA DE INTERMEDIACIÓN EN EL MERCADO DEL ALQUILER DE VIVIENDAS EN LA COMUNIDAD AUTONOMA DE ANDALUCIA - PIMA","CONSEJERIA DE FOMENTO Y VIVIENDA","DIRECCION GENERAL DE VIVIENDA",2013,"ACTUALIDAD",true,"INST","ANDALUCIA","ANDALUCIA",true,false,false,false,false,false,false,false,false,false,false,false,false,false,false,false,false,false,false,false,false,false,false,false,false,false,false,false,false,false,false,false,true,false,false,"/ficha-mapeo/10.09","/lista-ficha-mapeo/","/lista-ficha-mapeo-2/"
,"659c6136-1006-430d-903b-5fed52907cbe","4cae7c50-911e-4ce3-af40-51b09400bae8",2019-04-05T18:50:21Z,2019-04-05T18:50:21Z,"Gregoria Montoya",11,"11.1","SLSEPA: Localización y Seguimiento de Embarcaciones Pesqueras Andaluzas","Consejería de Agricultura, Ganadería, Pesca y Desarrollo Sostenible","Dirección General de Pesca y Acuicultura: l-slsepa.capder@juntadeandalucia.es",2004,"ACTUALIDAD",true,"INST","Andalucía","Andalucía",true,false,false,false,false,false,true,false,false,false,false,false,true,false,false,false,false,false,false,false,false,false,false,false,true,true,false,false,false,false,false,false,false,false,false,"/ficha-mapeo/11.1","/lista-ficha-mapeo/","/lista-ficha-mapeo-2/"
,"9e439bef-7433-410f-94a3-bb2ab9a57b54","4cae7c50-911e-4ce3-af40-51b09400bae8",2019-04-05T18:50:21Z,2019-04-05T18:50:21Z,"Gregoria Montoya",11,"11.1","La Red de Energía de la Administración de la Junta de Andalucía (REDEJA)","Consejería de Hacienda, Industria y Energía. Agencia Andaluza de la Energía ","N/D",2007,"ACTUALIDAD",true,"INST","Andalucía","Andalucía",false,false,false,false,true,false,true,false,false,false,false,false,false,false,false,false,true,false,false,false,true,false,false,false,true,false,false,false,false,false,false,false,false,false,false,"/ficha-mapeo/11.1","/lista-ficha-mapeo/","/lista-ficha-mapeo-2/"
,"4a4d51f9-d22c-4944-9be1-1b7de155504a","4cae7c50-911e-4ce3-af40-51b09400bae8",2019-04-05T18:50:21Z,2019-04-05T18:50:21Z,"Gregoria Montoya",11,"11.2","Aplicación para programación del Riego y la Fertilización del Olivar","Consejería de Agricultura, Ganadería, Pesca y Desarrollo Sostenible","Instituto de Formación Agraria y Pesquera IFAPA",2015,"ACTUALIDAD",true,"INST","Andalucía","Andalucía",true,false,false,false,false,false,true,false,false,true,false,false,false,false,false,false,false,false,false,false,false,false,false,true,true,true,false,false,false,false,false,false,false,false,false,"/ficha-mapeo/11.2","/lista-ficha-mapeo/","/lista-ficha-mapeo-2/"
,"cf18276b-4da9-474a-86f2-00f069ad83ea","4cae7c50-911e-4ce3-af40-51b09400bae8",2019-04-05T18:50:21Z,2019-04-05T18:50:21Z,"Gregoria Montoya",11,"11.3","App ""Dona Sangre Andalucía"" para informar sobre puntos de donación, fecha de colectas y alertas de grupos sanguíneos","Consejería de Salud y Familias.","Servicio Andaluz de Salud",2016,"ACTUALIDAD",true,"INST","Andalucía","Andalucía",true,false,false,true,false,false,true,false,true,false,false,false,false,false,false,false,false,false,false,false,false,false,false,false,false,false,false,true,false,false,false,false,false,false,false,"/ficha-mapeo/11.3","/lista-ficha-mapeo/","/lista-ficha-mapeo-2/"
,"faf29bf4-dd1b-49af-9b98-2de50c295ed6","4cae7c50-911e-4ce3-af40-51b09400bae8",2019-04-05T18:50:21Z,2019-04-05T18:50:21Z,"Gregoria Montoya",11,"11.4","Centro Ibérico para la Investigación y Lucha contra los Incendios Forestales (CILIFO)","Consejería de Agricultura, Ganadería, Pesca y Desarrollo Sostenible.","Dirección General de Medio Natural, Biodiversidad y Espacios Protegidos. Centro Operativo Regional y Extinción de Incendios Forestales. Juan Sánchez Ruiz (Director)",2018,"2021",false,"INST","Andalucía","Andalucía",true,true,true,false,true,false,true,false,true,true,false,false,true,false,false,false,false,false,false,false,false,true,false,false,true,false,true,false,false,true,false,false,false,true,false,"/ficha-mapeo/11.4","/lista-ficha-mapeo/","/lista-ficha-mapeo-2/"
,"dc98cbca-013c-4b79-9045-93a9722a94b6","4cae7c50-911e-4ce3-af40-51b09400bae8",2019-04-05T18:50:21Z,2019-04-05T18:50:21Z,"Gregoria Montoya",11,"11.5","SERVIFAPA","Consejería de Agricultura, Ganadería, Pesca y Desarrollo Sostenible","Instituto de Formación Agraria y Pesquera IFAPA",2012,"ACTUALIDAD",true,"INST","Andalucía","Andalucía",true,false,false,true,false,false,true,false,false,true,false,false,false,false,false,false,false,false,true,false,false,true,false,true,false,false,false,false,false,false,false,false,false,false,false,"/ficha-mapeo/11.5","/lista-ficha-mapeo/","/lista-ficha-mapeo-2/"
,"e12e4f0f-61dc-4e71-8bca-e6a09866b794","4cae7c50-911e-4ce3-af40-51b09400bae8",2019-04-05T18:50:21Z,2019-04-05T18:50:21Z,"Gregoria Montoya",11,"11.6","Ventana del Visitante de los Espacios Naturales","Consejería de Agricultura, Ganadería, Pesca y Desarrollo Sostenible/Agencia de Medio Ambiente y Agua","N/D",2009,"ACTUALIDAD",true,"INST","Andalucía","Andalucía",true,false,false,false,false,false,true,false,false,true,false,false,true,false,true,false,false,false,false,false,false,true,false,false,true,true,false,false,false,false,false,false,false,false,false,"/ficha-mapeo/11.6","/lista-ficha-mapeo/","/lista-ficha-mapeo-2/"
,"a1900734-3ee4-489e-a281-d3a3b2a67e4d","4cae7c50-911e-4ce3-af40-51b09400bae8",2019-04-05T18:50:21Z,2019-04-05T18:50:21Z,"Gregoria Montoya",11,"11.7","GUALDALINFO:  La red de innovación social de Andalucía","Consejería de Economía, Conocimiento, Empresas y Universidad","Consorcio Fernando de los Ríos (gestiona Guadalinfo)",2003,"ACTUALIDAD",true,"INST","Andalucía","Andalucía",true,false,false,true,false,false,false,false,false,true,false,false,false,false,false,false,false,false,true,false,false,true,false,false,false,true,true,false,false,false,false,false,false,true,true,"/ficha-mapeo/11.7","/lista-ficha-mapeo/","/lista-ficha-mapeo-2/"
,"0abd545c-838b-4664-af6f-2963391cec74","4cae7c50-911e-4ce3-af40-51b09400bae8",2019-04-05T18:50:21Z,2019-04-05T18:50:21Z,"Gregoria Montoya",11,"11.8","CESEA: Centro de Evaluación y Seguimiento Energético de Andalucía","Consejería de Hacienda, Industria y Energía. Agencia de la Energía","N/D",2007,"ACTUALIDAD",true,"INST","Andalucía","Andalucía",true,false,false,false,false,false,true,false,false,false,false,false,false,false,false,false,false,false,false,false,true,false,false,false,false,false,false,false,false,false,false,false,false,false,false,"/ficha-mapeo/11.8","/lista-ficha-mapeo/","/lista-ficha-mapeo-2/"
,"3a218dd5-4ad0-4a5f-ad87-f608a0bc4144","4cae7c50-911e-4ce3-af40-51b09400bae8",2019-04-05T18:50:21Z,2019-04-05T18:50:21Z,"Gregoria Montoya",11,"11.9","Consumo responde: Portal de diálogo entre los consumidores, empresas, asociaciones y entidades locales.","Consejería de Salud y Familias. Dirección General de Consumo","Dirección General de Consumo en colaboración con las asociaciones de consumidores Al-Andalus, FACUA y UCE-A",2011,"ACTUALIDAD",true,"INST","Andalucía","Andalucía",true,false,false,true,false,false,false,false,false,true,false,false,false,false,false,false,false,false,false,false,false,false,false,false,false,true,false,true,false,false,false,false,false,false,false,"/ficha-mapeo/11.9","/lista-ficha-mapeo/","/lista-ficha-mapeo-2/"
,"28eb7eff-2d63-4f66-a014-e20e6a6117a7","4cae7c50-911e-4ce3-af40-51b09400bae8",2019-04-05T18:50:21Z,2019-04-05T18:50:21Z,"Francisco Muñoz",12,"12.1","TAU (Gestión Integral de departamentos de Informática)","Consejería de Medio Ambiente - Delegación de Huelva","Francisco Javier Garrido Freire. Sv. de Informática. Consejería de Igualdad y Políticas Sociales; Eduardo Antón Santa-María; proyectotau@users.sourceforge.net; ProyectoTAU2@gmail.com",2006,"ACTUALIDAD",true,"EM","Huelva","ANDALUCIA",false,false,true,false,false,true,true,false,false,false,false,false,false,false,false,false,true,false,false,false,false,false,false,false,false,false,false,false,false,false,false,false,false,false,false,"/ficha-mapeo/12.1","/lista-ficha-mapeo/","/lista-ficha-mapeo-2/"
,"ddcca3c6-10f3-4e1a-a81f-8534fe82d055","4cae7c50-911e-4ce3-af40-51b09400bae8",2019-04-05T18:50:21Z,2019-04-05T18:50:21Z,"Francisco Muñoz",12,"12.10","MINERVA","Consejería de Empleo, Empresa y Comercio y Vodafone, ...","Directora: García Catalina; Coordinador de Proyectos: Salvador Romero; Responsable de comunicación: Carla García",2012,"ACTUALIDAD",true,"INST","ANDALUCIA","ANDALUCIA",true,false,false,false,false,false,false,false,false,false,false,false,false,false,false,false,false,false,false,false,false,false,false,false,false,true,false,false,false,false,false,false,false,false,false,"/ficha-mapeo/12.10","/lista-ficha-mapeo/","/lista-ficha-mapeo-2/"
,"15cd56c4-8592-45bc-b85d-39606c25899b","4cae7c50-911e-4ce3-af40-51b09400bae8",2019-04-05T18:50:21Z,2019-04-05T18:50:21Z,"Francisco Muñoz",12,"12.11","ESTRATEGIA ANDALUZA DE BIOECONOMIA CIRCULAR","Consejería de Agricultura, Pesca y Desarrollo Rural ","N/D",2016,"ACTUALIDAD",true,"INST","ANDALUCIA","ANDALUCIA",true,false,false,false,false,false,true,false,false,false,false,false,false,false,false,false,false,false,false,false,false,false,false,true,true,true,false,false,false,true,false,false,false,false,false,"/ficha-mapeo/12.11","/lista-ficha-mapeo/","/lista-ficha-mapeo-2/"
,"6b84c707-c730-49ce-aa81-9efe9c8d21cd","4cae7c50-911e-4ce3-af40-51b09400bae8",2019-04-05T18:50:21Z,2019-04-05T18:50:21Z,"Francisco Muñoz",12,"12.12","RED DE MUJERES RURALES Y URBANAS (RMRU)","Consejería de Agricultura y Pesca","red.mujeres.rurales.urbanas@gmail.com",2011,"ACTUALIDAD",true,"INST","ANDALUCIA","ANDALUCIA",true,false,false,true,false,false,false,false,false,false,false,false,false,false,false,false,false,true,false,false,false,false,false,false,false,true,false,false,false,true,false,false,false,false,false,"/ficha-mapeo/12.12","/lista-ficha-mapeo/","/lista-ficha-mapeo-2/"
,"d6ec4b76-a6ce-4d1d-9928-b7fdab401b60","4cae7c50-911e-4ce3-af40-51b09400bae8",2019-04-05T18:50:21Z,2019-04-05T18:50:21Z,"Francisco Muñoz",12,"12.2","TALLER DE VEHICULOS OFICIALES MULTIDELEGACION (CORDOBA)","D.T de Fomento y Vivienda en Córdoba","Manuel López Zamorano. Asesor Técnico Sv. Carreteras. D.T. Fomento y Vivienda en Córdoba. ",2013,"ACTUALIDAD",true,"EM","Córdoba","Córdoba",false,true,false,false,false,false,false,false,false,false,false,false,false,false,false,false,true,false,false,false,false,false,false,false,false,false,false,false,false,false,false,false,false,false,false,"/ficha-mapeo/12.2","/lista-ficha-mapeo/","/lista-ficha-mapeo-2/"
,"bbbbf901-3eaf-4421-bfe0-d56eaa5749bb","4cae7c50-911e-4ce3-af40-51b09400bae8",2019-04-05T18:50:21Z,2019-04-05T18:50:21Z,"Francisco Muñoz",12,"12.3","WIKI DT Empleo y Enonomía de Málaga","Consejerías de Empleo y de Conocimiento ","Francisco José Alcázar Martín (Jefe Dep. Informática)",2006,"ACTUALIDAD",true,"EM","Málaga","Málaga",false,true,false,false,true,true,true,false,true,true,false,false,false,false,false,false,true,false,false,false,false,false,false,false,false,false,false,false,false,false,false,false,false,false,false,"/ficha-mapeo/12.3","/lista-ficha-mapeo/","/lista-ficha-mapeo-2/"
,"05d94e71-8394-4bd1-915a-7379f1e90075","4cae7c50-911e-4ce3-af40-51b09400bae8",2019-04-05T18:50:21Z,2019-04-05T18:50:21Z,"Francisco Muñoz",12,"12.4","HERRAMIENTA VERIFICACION LINEAS DE COMUNICACION","Delegación de Medio Ambiente y Ordenación del Territorio de Málaga","Felipe Muñoz Brieva.",2018,"ACTUALIDAD",true,"EM","Málaga","Málaga",false,false,false,false,false,false,true,false,false,false,false,false,false,false,false,false,true,false,false,false,false,false,false,false,false,false,false,false,false,false,false,false,false,false,false,"/ficha-mapeo/12.4","/lista-ficha-mapeo/","/lista-ficha-mapeo-2/"
,"255cccc4-0e35-4318-b497-bee05b273627","4cae7c50-911e-4ce3-af40-51b09400bae8",2019-04-05T18:50:21Z,2019-04-05T18:50:21Z,"Francisco Muñoz",12,"12.5","REPOSITORIO SOWTWARE LIBRE JUNTA DE ANDALUCIA","Consejería de Innovación, Ciencia y Empresa","N/D",2005,"ACTUALIDAD",true,"INST","ANDALUCIA","ANDALUCIA",true,false,false,false,true,false,false,false,false,false,false,false,false,false,false,false,true,false,false,false,false,false,false,false,false,false,false,false,false,false,false,false,false,false,false,"/ficha-mapeo/12.5","/lista-ficha-mapeo/","/lista-ficha-mapeo-2/"
,"5f7e261c-47c0-479c-8d1e-ce036a429c10","4cae7c50-911e-4ce3-af40-51b09400bae8",2019-04-05T18:50:21Z,2019-04-05T18:50:21Z,"Francisco Muñoz",12,"12.6","POR UN MILLON DE PASOS (PUMP) ","Consejería de Salud","Rosario Rodríguez Martínez (porunmillondepasos.csalud@juntadeandalucia.es) ",2008,"ACTUALIDAD",true,"INST","ANDALUCIA","ANDALUCIA",true,false,false,true,false,false,false,false,true,false,false,false,true,false,false,false,false,false,false,false,false,false,false,false,false,false,false,true,false,false,false,false,false,false,false,"/ficha-mapeo/12.6","/lista-ficha-mapeo/","/lista-ficha-mapeo-2/"
,"0abb4c35-02d4-48e8-9577-2deb0321cef2","4cae7c50-911e-4ce3-af40-51b09400bae8",2019-04-05T18:50:21Z,2019-04-05T18:50:21Z,"Francisco Muñoz",12,"12.7","SAC (Servicio de Atención al Ciudadano)","Consejería de Empleo y Desarrollo Tecnológico","Teléfono 955 063 910; email:  buzonweb.sac.ceec@juntadeandalucia.es",2004,"ACTUALIDAD",true,"INST","ANDALUCIA","ANDALUCIA",true,true,false,false,true,false,false,false,false,false,false,false,false,false,false,false,true,false,false,false,false,false,false,false,false,false,false,false,false,false,false,false,false,false,false,"/ficha-mapeo/12.7","/lista-ficha-mapeo/","/lista-ficha-mapeo-2/"
,"4b3bfe1e-db7c-49dd-95eb-f683e4d0f93b","4cae7c50-911e-4ce3-af40-51b09400bae8",2019-04-05T18:50:21Z,2019-04-05T18:50:21Z,"Francisco Muñoz",12,"12.8","PiCuida","Servicio Andaluz de Salud","Serafín Fernández Salazar",2015,"ACTUALIDAD",true,"INST","ANDALUCIA","ANDALUCIA",true,false,false,true,false,false,true,false,false,false,false,false,false,false,false,false,false,false,false,false,false,false,false,false,false,false,false,true,false,false,false,false,false,false,false,"/ficha-mapeo/12.8","/lista-ficha-mapeo/","/lista-ficha-mapeo-2/"
,"72bce865-2f2e-41c4-9f2e-3515ab683920","4cae7c50-911e-4ce3-af40-51b09400bae8",2019-04-05T18:50:21Z,2019-04-05T18:50:21Z,"Francisco Muñoz",12,"12.9","BANCO DE PROYECTOS EMPRESARIALES PARA EMPRENDER","Consejería de Empleo, Empresa (Andalucia Emprende)","Jorge Lozano, info@andaluciaemprende.es",2017,"ACTUALIDAD",true,"INST","ANDALUCIA","ANDALUCIA",true,false,false,false,false,false,false,false,false,false,false,false,false,false,false,false,false,false,false,false,false,false,false,false,false,true,false,false,false,false,false,false,false,false,false,"/ficha-mapeo/12.9","/lista-ficha-mapeo/","/lista-ficha-mapeo-2/"
,"2d00e293-ac09-4ac1-879b-14fb431d9570","4cae7c50-911e-4ce3-af40-51b09400bae8",2019-04-05T18:50:21Z,2019-04-05T18:50:21Z,"MARÍA PÉREZ",13,"13.1","BigData en nuestras estadísticas predictivas","Consejería de Agricultura, Ganadería, Pesca y Desarrollo Sostenible. Secretaría General de Agricultura, Ganadería y Alimentación","Pilar Garrido/Juan Bascón",2017,"ACTUALIDAD",true,"EM","ANDALUCIA","ANDALUCIA",true,false,false,false,false,false,true,false,false,false,false,false,false,false,false,false,false,false,false,false,false,false,false,true,false,false,false,false,false,false,false,false,false,false,false,"/ficha-mapeo/13.1","/lista-ficha-mapeo/","/lista-ficha-mapeo-2/"
,"f3b3bba7-caed-41e1-a59a-690ed67fd293","4cae7c50-911e-4ce3-af40-51b09400bae8",2019-04-05T18:50:21Z,2019-04-05T18:50:21Z,"MARÍA PÉREZ",13,"13.2","GEOPORTAL, Toda La Información Geográfica De Tu Comunidad A Solo Un Clic!","Consejería de Agricultura, Ganadería, Pesca y Desarrollo Sostenible. Secretaría General de Agricultura, Ganadería y Alimentación","Servicio de estudios y estadísticas, servicio de Informática, Pilar Garrido, Juan Bascón y Servicio de Informática",2018,"ACTUALIDAD",true,"EM","ANDALUCIA","ANDALUCIA",true,false,false,false,false,true,true,false,false,false,false,false,false,false,false,false,false,false,false,false,false,false,false,true,true,false,false,false,false,false,false,false,false,false,false,"/ficha-mapeo/13.2","/lista-ficha-mapeo/","/lista-ficha-mapeo-2/"
,"7911bca9-3b79-49bf-8d26-fa9b1ae4839e","4cae7c50-911e-4ce3-af40-51b09400bae8",2019-04-05T18:50:21Z,2019-04-05T18:50:21Z,"MARÍA PÉREZ",13,"13.3","Cal Patrimonio de la Unesco ( Museo de la Cal)","Consejería de Agricultura, Ganadería, Pesca y Desarrollo Sostenible. Dirección General de Industrias, Innovación y Cadena Agroalimentaria","Servicio de Programas y Desarrollo Rural. María Castillo y Rodrigo Ortiz",2014,"ACTUALIDAD",true,"EM","ANDALUCIA","SEVILLA",true,false,false,false,false,false,false,false,false,false,false,false,false,false,true,false,false,false,false,false,false,false,false,false,false,false,false,false,false,true,false,false,false,true,false,"/ficha-mapeo/13.3","/lista-ficha-mapeo/","/lista-ficha-mapeo-2/"
,"09a4b5e2-6ce9-434c-946c-b51ae9e0f7f2","4cae7c50-911e-4ce3-af40-51b09400bae8",2019-04-05T18:50:21Z,2019-04-05T18:50:21Z,"MARÍA PÉREZ",13,"13.4","Identificación y trazabilidad animal","Consejería de Agricultura, Ganadería , Pesca y Desarrollo sostenible. Dirección General  de Producción Agrícola y Ganadera","Servicio de sanidad animal y Servicio de Producción ganadera. Manuel Fernández Morente y  Rafael Bazán",2013,"ACTUALIDAD",true,"INST","ANDALUCIA","ANDALUCIA",true,false,false,false,false,false,false,false,false,false,false,false,false,false,true,false,false,false,false,false,false,false,false,true,false,false,false,false,false,false,false,false,false,false,false,"/ficha-mapeo/13.4","/lista-ficha-mapeo/","/lista-ficha-mapeo-2/"
,"c74735de-a3a3-4779-b642-47928fb098ff","4cae7c50-911e-4ce3-af40-51b09400bae8",2019-04-05T18:50:21Z,2019-04-05T18:50:21Z,"MARÍA PÉREZ",13,"13.5","Adaptación de tubos para toma de muestras en explotaciones ganaderas","Consejería de Agricultura; Ganadería, Pesca y Desarrollo Sostenible. Dirección General de Producción Agrícola y Ganadera","Servicio de Sanidad Animal y Servicio de Producción Ganadera. Manuel Fernández Morente y Rafael Bazán",2013,"ACTUALIDAD",true,"INST","ANDALUCIA","ANDALUCIA",true,false,false,false,false,false,false,false,false,false,false,false,false,false,false,false,false,false,false,false,false,false,false,true,false,false,false,true,false,false,false,false,false,false,false,"/ficha-mapeo/13.5","/lista-ficha-mapeo/","/lista-ficha-mapeo-2/"
,"18e01e4a-47e2-4ed7-9b43-6008c83b1249","4cae7c50-911e-4ce3-af40-51b09400bae8",2019-04-05T18:50:21Z,2019-04-05T18:50:21Z,"LUCIA QUIROGA",14,"14.1","PROGRAMA DE FORMACIÓN DE ACCESO Y ACOGIDA A LAS NUEVAS PERSONAS FUNCIONARIAS","INSTITUTO ANDALUZ DE ADMINISTRACIÓN PÚBLICA","CARMEN SEISDEDOS",2019,"ACTUALIDAD",true,"INST","ANDALUCIA","ANDALUCIA",false,false,true,false,false,true,false,false,true,false,true,false,false,false,false,false,true,false,false,false,false,false,false,false,false,false,false,false,false,false,false,false,false,false,false,"/ficha-mapeo/14.1","/lista-ficha-mapeo/","/lista-ficha-mapeo-2/"
,"5b30996b-6c33-440c-bb8f-07cc408594c3","4cae7c50-911e-4ce3-af40-51b09400bae8",2019-04-05T18:50:21Z,2019-04-05T18:50:21Z,"LUCIA QUIROGA",14,"14.2","JUNTACAR: UNA NUEVA FORMA DE COMPARTIR MEDIO DE TRANSPORTE ENTRE LAS PERSONAS EMPLEADAS PÚBLICAS","CONSEJERÍA DE PRESIDENCIA, ADMINISTRACIÓN PÚBLICA E INTERIOR, OFICINA PARA LA CALIDAD DE LOS SERVICIOS","CARMEN MOLERO, JAVIER CAMPOS, BEATRIZ BÁEZ, RAFAEL GUTIÉRREZ Y DANIEL MARTÍNEZ (VARIAS DELEGACIONES DE MÁLAGA)",2018,"ACTUALIDAD",false,"EM","MALAGA","MALAGA",false,false,false,false,false,true,false,false,true,false,true,false,false,false,false,false,true,false,false,false,false,false,false,false,false,false,false,false,false,false,false,false,false,false,false,"/ficha-mapeo/14.2","/lista-ficha-mapeo/","/lista-ficha-mapeo-2/"
,"28c18d22-fab1-4897-b2a3-3368d201d105","4cae7c50-911e-4ce3-af40-51b09400bae8",2019-04-05T18:50:21Z,2019-04-05T18:50:21Z,"LUCIA QUIROGA",14,"14.3","TAREAS DE ACTIVIDAD FÍSICA PARA MAYORES: PLATAFORMA MULTIMEDIA COLABORATIVA PARA PROFESIONALES DE LA EDUCACIÓN FÍSICA Y EL DEPORTE ","CONSEJERÍA DE TURISMO Y DEPORTE, INSTITUTO ANDALUZ DEL DEPORTE ","ANTONIO CASIMIRO (UNIVERSIDAD DE ALMERÍA)",2010,"ACTUALIZADO 2018",false,"EM","ALMERIA","ANDALUCIA",true,false,false,false,false,false,false,false,true,true,false,false,false,false,false,false,false,false,false,false,false,true,true,false,false,false,false,true,false,false,false,false,false,false,false,"/ficha-mapeo/14.3","/lista-ficha-mapeo/","/lista-ficha-mapeo-2/"
,"4d0aa15e-c33e-4aed-94aa-e999a503877f","4cae7c50-911e-4ce3-af40-51b09400bae8",2019-04-05T18:50:21Z,2019-04-05T18:50:21Z,"LUCIA QUIROGA",14,"14.4","BAILANDO VOY: TARDES DE ACTIVIDAD FÍSICA PARA PERSONAS CON INSUFICIENCIA CARDIACA","CONSEJERÍA DE TURISMO Y DEPORTE, INSTITUTO ANDALUZ DEL DEPORTE ","SONIA (JEFA DE ENFERMERÍA HOSPITAL CARLOS HAYA DE MÁLAGA) ",2017,"2018",true,"EM","MALAGA","MALAGA",true,false,false,false,false,false,false,false,false,false,false,false,false,false,false,false,false,false,false,false,false,false,true,false,false,false,false,true,false,false,false,false,false,false,false,"/ficha-mapeo/14.4","/lista-ficha-mapeo/","/lista-ficha-mapeo-2/"
,"8b850178-aee3-4264-8244-19f6618ea1a1","4cae7c50-911e-4ce3-af40-51b09400bae8",2019-04-05T18:50:21Z,2019-04-05T18:50:21Z,"LUCIA QUIROGA",14,"14.5","PREVENCIÓN DE LA VIOLENCIA EN EL DEPORTE: HERRAMIENTAS PARA ERRADICAR LA VIOLENCIA EN EL FÚTBOL BASE","CONSEJERÍA DE TURISMO Y DEPORTE, INSTITUTO ANDALUZ DEL DEPORTE ","MARÍA JOSÉ BENÍTEZ (INSTITUTO DE CRIMINOLOGÍA DE MÁLAGA)
",2017,"ACTUALIDAD",false,"EM","MALAGA","MALAGA",false,false,false,false,false,false,false,false,false,false,false,false,true,false,false,false,false,false,false,false,false,true,true,false,false,false,false,false,false,false,false,false,false,false,false,"/ficha-mapeo/14.5","/lista-ficha-mapeo/","/lista-ficha-mapeo-2/"
,"afecc461-6a64-44c4-8640-b485e29cc5d1","4cae7c50-911e-4ce3-af40-51b09400bae8",2019-04-05T18:50:21Z,2019-04-05T18:50:21Z,"Juan Antonio Villar Torres",18,"18.1","GRUSE. Grupos socioeducativos de atención primaria en salud","Distrito Sanitario Málaga. Delegación Salud Málaga","Alicia Maldonado. Coordinadora Promoción de la salud",2011,"ACTUALIDAD",true,"EM","MÁLAGA","ANDALUCÍA",true,false,false,false,false,false,false,false,false,false,false,false,false,false,false,false,false,false,false,false,false,false,false,false,false,false,false,true,true,false,false,false,false,false,false,"/ficha-mapeo/18.1","/lista-ficha-mapeo/","/lista-ficha-mapeo-2/"
,"d0db31f8-a471-4da3-9a31-b902dd447ece","4cae7c50-911e-4ce3-af40-51b09400bae8",2019-04-05T18:50:21Z,2019-04-05T18:50:21Z,"Juan Antonio Villar Torres",18,"18.10","Seguridad vial urbana. Guía codificada de infracciones","Escuela de Seguridad Pública de Andalucía. Servicio de Formación","Emilio Andrades Gomar/ Antonio Gaviño Calado",2018,"ACTUALIDAD",true,"INST","ANDALUCÍA","ANDALUCÍA",false,true,false,false,false,false,false,false,false,true,false,false,false,false,false,false,false,true,false,false,false,false,false,false,false,false,false,false,false,false,false,false,false,true,false,"/ficha-mapeo/18.10","/lista-ficha-mapeo/","/lista-ficha-mapeo-2/"
,"ccb78795-0eb9-4573-ad43-0f9bf5b8a7c6","4cae7c50-911e-4ce3-af40-51b09400bae8",2019-04-05T18:50:21Z,2019-04-05T18:50:21Z,"Juan Antonio Villar Torres",18,"18.2","Decálogo de buen divorcio","Equipos técnicos, Magistrado y funcionarios  del Juzgado de Primera Instancia n.º 5 de Málaga. Juzgado de Familia","M.ª Ángeles Peña Yáñez/ José Luis Utrera. Magistrado",2005,"ACTUALIDAD",true,"EM","MÁLAGA","ANDALUCÍA",true,false,false,false,false,false,false,false,true,false,false,false,false,false,false,true,false,false,false,false,false,false,false,false,false,false,false,false,true,false,false,false,false,false,false,"/ficha-mapeo/18.2","/lista-ficha-mapeo/","/lista-ficha-mapeo-2/"
,"4625fb3b-0d76-41bb-85dc-9c57230514b1","4cae7c50-911e-4ce3-af40-51b09400bae8",2019-04-05T18:50:21Z,2019-04-05T18:50:21Z,"Juan Antonio Villar Torres",18,"18.3","Selección de personal interino para la Administración de Justicia a través del Servicio Andaluz de Empleo","Delegación Provincial de Justicia y Administración Pública Málaga y Servicio Andaluz de Empleo Málaga","Juan Antoniio Villar Torres/ Fernando Colina Robledo",2008,"2013",true,"EM","MÁLAGA","ANDALUCÍA",false,false,true,false,false,false,false,false,true,false,false,false,false,false,false,true,true,false,false,false,false,false,false,false,false,false,false,false,false,false,false,false,false,false,false,"/ficha-mapeo/18.3","/lista-ficha-mapeo/","/lista-ficha-mapeo-2/"
,"49af9bf6-70d6-4495-9fe5-6cdef2cc0015","4cae7c50-911e-4ce3-af40-51b09400bae8",2019-04-05T18:50:21Z,2019-04-05T18:50:21Z,"Juan Antonio Villar Torres",18,"18.4","Caminos escolares. Andando al cole como toda la vida","Consejería de Educación. Consejería Salud. Dirección General de Tráfico. Entidades Locales Andalucía","N/D",2010,"ACTUALIDAD",true,"INST","ANDALUCÍA","ANDALUCÍA",true,false,false,true,false,false,false,false,true,false,false,false,true,false,false,false,false,false,false,false,false,true,false,false,false,false,false,true,false,false,false,false,false,true,true,"/ficha-mapeo/18.4","/lista-ficha-mapeo/","/lista-ficha-mapeo-2/"
,"18de8051-a738-4515-af56-9b6c2976beac","4cae7c50-911e-4ce3-af40-51b09400bae8",2019-04-05T18:50:21Z,2019-04-05T18:50:21Z,"Juan Antonio Villar Torres",18,"18.5","SIRhUSI. Sistema de Información de Recursos Humanos de la Junta de Andalucía","Dirección General de Función Pública","M.ª Peña Mate Aranda",1999,"ACTUALIDAD",true,"INST","ANDALUCÍA","ANDALUCÍA",false,true,true,false,false,false,false,false,false,true,false,false,false,false,false,false,true,false,false,false,false,false,false,false,false,false,false,false,false,false,false,false,false,false,false,"/ficha-mapeo/18.5","/lista-ficha-mapeo/","/lista-ficha-mapeo-2/"
,"bcbcd8b5-5cc1-461b-a0f6-422a4dcecbb2","4cae7c50-911e-4ce3-af40-51b09400bae8",2019-04-05T18:50:21Z,2019-04-05T18:50:21Z,"Juan Antonio Villar Torres",18,"18.6","Web del emplead@ Portal de información laboral y tramitación electrónica del personal de la Junta de Andalucía","Dirección General de Función Pública","N/D",2002,"ACTUALIDAD",true,"INST","ANDALUCÍA","ANDALUCÍA",false,true,false,false,false,false,false,false,false,true,true,false,false,false,false,false,true,false,false,false,false,false,false,false,false,false,false,false,false,false,false,false,false,false,false,"/ficha-mapeo/18.6","/lista-ficha-mapeo/","/lista-ficha-mapeo-2/"
,"9fc6489b-b4aa-4d3a-af2e-c341d2ef0943","4cae7c50-911e-4ce3-af40-51b09400bae8",2019-04-05T18:50:21Z,2019-04-05T18:50:21Z,"Juan Antonio Villar Torres",18,"18.7","Banco de Prácticas del Observatorio para la mejora de los servicios púbicos","Dirección General de Modernización e innovación de los servicios públicos","N/D",2007,"2012",true,"INST","ANDALUCÍA","ANDALUCÍA",false,false,false,false,false,false,false,false,false,true,false,false,false,false,false,false,true,false,false,false,false,false,false,false,false,false,false,false,false,false,false,false,false,false,false,"/ficha-mapeo/18.7","/lista-ficha-mapeo/","/lista-ficha-mapeo-2/"
,"232f8821-9be8-4cc7-947e-2d7dc95db9fd","4cae7c50-911e-4ce3-af40-51b09400bae8",2019-04-05T18:50:21Z,2019-04-05T18:50:21Z,"Juan Antonio Villar Torres",18,"18.8","Punto de Encentro Familiar","Equipos técnicos, Magistrado y funcionarios  del Juzgado de Primera Instancia n.º 5 de Málaga. Juzgado de Familia","M.ª Ángeles Peña Yáñez/ José Luis Utrera. Magistrado",1999,"ACTUALIDAD",true,"EM","MÁLAGA","ANDALUCÍA",true,false,false,false,false,false,false,false,true,false,false,false,false,false,false,true,false,false,false,false,false,false,false,false,false,false,false,false,true,false,false,false,false,false,false,"/ficha-mapeo/18.8","/lista-ficha-mapeo/","/lista-ficha-mapeo-2/"
,"ed542820-d58e-4833-a473-8ff3d6e161af","4cae7c50-911e-4ce3-af40-51b09400bae8",2019-04-05T18:50:21Z,2019-04-05T18:50:21Z,"Juan Antonio Villar Torres",18,"18.9","Análisis de los elementos vulnerables en zonas de riesgo de incendios. Interfase","Servicio de Protección Civil e INFOCA Málaga. Grupo de Emergencias Andalucía","Rafael Gálvez Chica/Miguel A. Caralina/Luis Peñín",2011,"ACTUALIDAD",true,"EM","MÁLAGA","ANDALUCÍA",true,false,false,true,false,false,false,false,true,false,false,false,false,false,false,false,false,true,false,false,false,false,false,false,true,false,false,false,false,false,false,false,false,true,false,"/ficha-mapeo/18.9","/lista-ficha-mapeo/","/lista-ficha-mapeo-2/"
,"6d23f086-c8bc-4ad6-94bd-0d48dd865862","4cae7c50-911e-4ce3-af40-51b09400bae8",2019-04-05T18:50:20Z,2019-04-05T18:50:20Z,"Pedro Blanco Wasmer",2,"2.1","Observatorio de Prácticas Innovadoras en el Manejo de Enfermedades Crónicas Complejas (OPIMEC)","Secretaría General de Salud Pública y Consumo de la Consejería de Salud de la Junta de Andalucía","Carmen Pérez Romero",2006,"ACTUALIDAD",true,"INST","ANDALUCIA","ANDALUCIA",false,false,false,false,true,true,false,false,true,true,false,false,false,false,false,false,false,false,false,false,false,false,false,false,false,false,true,true,false,false,false,false,false,false,false,"/ficha-mapeo/2.1","/lista-ficha-mapeo/","/lista-ficha-mapeo-2/"
,"338930d7-5661-4abd-a7c7-ee74a05684b1","4cae7c50-911e-4ce3-af40-51b09400bae8",2019-04-05T18:50:20Z,2019-04-05T18:50:20Z,"Pedro Blanco Wasmer",2,"2.2","Escuela de pacientes","Escuela Andaluza de Salud Pública (EASP) - Consejería de Salud y Familias de la Junta de Andalucía","escueladepacientes.sspa@juntadeandalucia.es",2008,"ACTUALIDAD",true,"INST","ANDALUCIA","ANDALUCIA",true,true,false,true,true,true,false,false,true,true,false,false,true,false,false,false,false,false,false,false,false,false,false,false,false,false,false,true,true,false,false,false,false,true,false,"/ficha-mapeo/2.2","/lista-ficha-mapeo/","/lista-ficha-mapeo-2/"
,"32ba87b8-b9f7-4606-a370-8fe3b7c3e044","4cae7c50-911e-4ce3-af40-51b09400bae8",2019-04-05T18:50:20Z,2019-04-05T18:50:20Z,"Pedro Blanco Wasmer",2,"2.3","Proyecto Genoma Médico","Consejería de Salud y Familias de la Junta de Andalucía","Javier Santoyo López",2009,"ACTUALIDAD",true,"INST","ANDALUCIA","SEVILLA",true,false,false,false,false,false,true,false,false,true,false,false,false,false,false,false,false,false,false,false,false,false,false,false,false,false,true,true,false,false,false,false,false,false,false,"/ficha-mapeo/2.3","/lista-ficha-mapeo/","/lista-ficha-mapeo-2/"
,"be600693-d95d-440c-8d38-19dff4afb351","4cae7c50-911e-4ce3-af40-51b09400bae8",2019-04-05T18:50:20Z,2019-04-05T18:50:20Z,"Pedro Blanco Wasmer",2,"2.4","@firma: La plataforma corporativa de autenticación y firma","D.G. de Transformación Digital de la Consejería de Hacienda, Industria y Energía de la Junta de Andalucía","D.G. de Transformación Digital de la Consejería de Hacienda, Industria y Energía de la Junta de Andalucía",2003,"ACTUALIDAD",true,"INST","ANDALUCIA","ANDALUCIA",true,true,false,false,true,false,true,false,false,false,false,false,false,true,false,false,true,false,false,false,false,false,false,false,false,false,false,false,false,false,false,false,false,true,true,"/ficha-mapeo/2.4","/lista-ficha-mapeo/","/lista-ficha-mapeo-2/"
,"511f666e-acf8-4386-8a63-ca927f8b0907","4cae7c50-911e-4ce3-af40-51b09400bae8",2019-04-05T18:50:20Z,2019-04-05T18:50:20Z,"Pedro Blanco Wasmer",2,"2.6","Tarjeta +Cuidado, tarjeta de Identificación personal para el Plan de Atención a Personas Cuidadoras","PiCuida - Estrategia de Cuidados de Andalucía, Consejería de Salud y Familias de la Junta de Andalucía","https://www.picuida.es/ciudadania/contacto/",2007,"ACTUALIDAD",true,"INST","ANDALUCIA","ANDALUCIA",true,false,false,true,true,false,false,false,false,false,false,true,true,false,false,false,false,false,false,false,false,false,false,false,false,false,false,true,true,false,false,false,false,false,false,"/ficha-mapeo/2.6","/lista-ficha-mapeo/","/lista-ficha-mapeo-2/"
,"03204098-ae76-4f75-aef1-c8c957a48170","4cae7c50-911e-4ce3-af40-51b09400bae8",2019-04-05T18:50:20Z,2019-04-05T18:50:20Z,"Pedro Blanco Wasmer",2,"2.7","Proyecto “Sobre Ruedas”","Secretaría General de Salud Pública y Consumo de la Consejería de Salud (y Familias, actualmente) de la Junta de Andalucía","Secretaría General de Salud Pública y Consumo de la Consejería de Salud (y Familias, actualmente) de la Junta de Andalucía",2009,"ACTUALIDAD",true,"INST","ANDALUCIA","ANDALUCIA",true,false,false,true,false,false,true,false,true,false,false,false,true,false,false,false,false,false,false,false,false,true,false,false,false,false,false,true,false,false,true,false,false,true,false,"/ficha-mapeo/2.7","/lista-ficha-mapeo/","/lista-ficha-mapeo-2/"
,"e69f2640-a93a-424a-9a96-f5cded01abb4","4cae7c50-911e-4ce3-af40-51b09400bae8",2019-04-05T18:50:20Z,2019-04-05T18:50:20Z,"Marcos Borrero Gaviño",3,"3.1","Mindfulness en la Administración","Consejería de Agricultura, Ganadería, Pesca y Desarrollo Sostenible y DT de Empleo y Economía en Almería","Juana Cano (CAGPyDS), Luisa Muñoz Amate DT Empleo)",2016,"ACTUALIDAD",true,"EM","Almería, Sevilla","Almería, Sevilla y Málaga",false,false,false,false,false,false,false,false,false,false,true,false,false,false,false,false,true,false,false,false,false,false,false,false,false,false,false,false,false,false,false,false,false,false,false,"/ficha-mapeo/3.1","/lista-ficha-mapeo/","/lista-ficha-mapeo-2/"
,"1edb0502-5f81-4a23-87f2-caf31bc05fde","4cae7c50-911e-4ce3-af40-51b09400bae8",2019-04-05T18:50:20Z,2019-04-05T18:50:20Z,"Marcos Borrero Gaviño",3,"3.2","QskyMap: Mapa de oscuridad del cielo nocturno andaluz","Consejería de Agricultura, Ganadería, Pesca y Desarrollo Sostenible","Sv. Calidad del Aire, Ángela Ranea",2015,"ACTUALIDAD",true,"INST","ANDALUCIA","ANDALUCIA",true,false,false,false,false,false,false,false,false,false,false,false,true,false,true,false,false,false,false,false,false,false,false,false,true,false,false,false,false,false,false,false,false,false,false,"/ficha-mapeo/3.2","/lista-ficha-mapeo/","/lista-ficha-mapeo-2/"
,"80623bcc-51dc-4272-8dab-496b58fc2754","4cae7c50-911e-4ce3-af40-51b09400bae8",2019-04-05T18:50:20Z,2019-04-05T18:50:20Z,"Marcos Borrero Gaviño",3,"3.3","Índice espectral G","Consejería de Agricultura, Ganadería, Pesca y Desarrollo Sostenible","Sv. Calidad del Aire, Ángela Ranea",2018,"ACTUALIDAD",true,"INST","ANDALUCIA","ANDALUCIA",true,false,false,false,false,false,true,false,false,false,false,false,false,false,false,false,false,false,false,false,true,false,false,false,true,false,false,false,false,false,false,false,false,false,false,"/ficha-mapeo/3.3","/lista-ficha-mapeo/","/lista-ficha-mapeo-2/"
,"ac75fd3b-4e24-4ae8-9927-f8d3a57af22b","4cae7c50-911e-4ce3-af40-51b09400bae8",2019-04-05T18:50:20Z,2019-04-05T18:50:20Z,"Marcos Borrero Gaviño",3,"3.4","Los viernes al sol","Consejería de Agricultura, Ganadería, Pesca y Desarrollo Sostenible","Coordinación de la DG – Andrés Leal, Ángela Ranea",2015,"ACTUALIDAD",true,"EM","Sevilla","Sevilla",false,false,false,false,false,false,false,false,true,true,true,false,false,false,false,false,true,false,false,false,false,false,false,false,false,false,false,false,false,false,false,false,false,false,false,"/ficha-mapeo/3.4","/lista-ficha-mapeo/","/lista-ficha-mapeo-2/"
,"f9e74138-e26a-4a48-aa2c-a0fe17b3538e","4cae7c50-911e-4ce3-af40-51b09400bae8",2019-04-05T18:50:20Z,2019-04-05T18:50:20Z,"Marcos Borrero Gaviño",3,"3.5","Andalucía Smart Data","Consejería de Turismo y Deporte","N/D",2017,"ACTUALIDAD",true,"INST","ANDALUCIA","ANDALUCIA",true,false,false,false,false,false,true,false,false,false,false,false,false,false,true,false,false,false,false,false,false,false,false,false,false,true,false,false,false,false,false,false,false,true,true,"/ficha-mapeo/3.5","/lista-ficha-mapeo/","/lista-ficha-mapeo-2/"
,"2e500b60-c590-4b8b-ba8b-0469dd086fc9","4cae7c50-911e-4ce3-af40-51b09400bae8",2019-04-05T18:50:20Z,2019-04-05T18:50:20Z,"Marcos Borrero Gaviño",3,"3.6","Innovando en Jueves","Consejería de Salud y Familias","Sv. de Innovación e Igualdad -  Javier López Narbona – Conchi Castejón",2010,"ACTUALIDAD",true,"INST","ANDALUCIA","ANDALUCIA",true,false,false,true,true,false,false,false,true,true,false,false,false,false,false,false,false,false,false,false,false,false,false,false,false,false,false,true,true,false,false,false,false,false,false,"/ficha-mapeo/3.6","/lista-ficha-mapeo/","/lista-ficha-mapeo-2/"
,"df1bd6b8-afcc-4a5f-8b02-69cb60a94b02","4cae7c50-911e-4ce3-af40-51b09400bae8",2019-04-05T18:50:20Z,2019-04-05T18:50:20Z,"Marcos Borrero Gaviño",3,"3.7","Contigo Más","Consejería de la Presidencia, Administración Pública e Interior – Delegación de Gobierno de la JA en Málaga","Oficina de Calidad de Servicios- Carmen Molero – Pedro García Conde",2017,"ACTUALIDAD",true,"EM","Málaga","Málaga",false,false,true,false,false,false,false,false,true,true,true,false,false,false,false,false,true,false,false,false,false,false,false,false,false,false,false,false,false,false,false,false,false,false,false,"/ficha-mapeo/3.7","/lista-ficha-mapeo/","/lista-ficha-mapeo-2/"
,"f56021f6-ae1c-4184-a96e-6d38117c6db8","4cae7c50-911e-4ce3-af40-51b09400bae8",2019-04-05T18:50:20Z,2019-04-05T18:50:20Z,"Marcos Borrero Gaviño",3,"3.8","App Reto EPOC","Consejería de Salud y Familias-Escuela Andaluza de Salud Pública-Consejería de Empleo, Formación y Trabajo Autónomo","Sv. de Innovación e Igualdad – Conchi Castejón",2016,"ACTUALIDAD",true,"INST","ANDALUCIA","ANDALUCIA",true,false,false,true,false,false,false,false,false,false,false,false,false,false,false,false,false,false,false,false,false,false,false,false,false,false,false,true,false,false,false,false,false,false,false,"/ficha-mapeo/3.8","/lista-ficha-mapeo/","/lista-ficha-mapeo-2/"
,"d39dd768-8c42-49de-b96e-90538cac86db","4cae7c50-911e-4ce3-af40-51b09400bae8",2019-04-05T18:50:20Z,2019-04-05T18:50:20Z,"Irene Carrillo de Albornoz",5,"5.1","Iniciativa Mentor","IAAP","Mar Herrera Menchen",2009,"ACTUALIDAD",true,"INST","Andalucía","Andalucía",false,false,true,false,false,true,false,false,true,false,true,false,false,false,false,false,true,false,false,false,false,false,false,false,false,false,false,false,false,false,false,false,false,false,false,"/ficha-mapeo/5.1","/lista-ficha-mapeo/","/lista-ficha-mapeo-2/"
,"75129cad-423b-460f-bf37-51643556acd1","4cae7c50-911e-4ce3-af40-51b09400bae8",2019-04-05T18:50:20Z,2019-04-05T18:50:20Z,"Irene Carrillo de Albornoz",5,"5.2","PRODIG","Consejería de Educación y Deporte","N/D",2018,"ACTUALIDAD",true,"INST","Andalucía","Andalucía",true,false,false,false,true,false,true,false,false,false,false,false,false,false,false,false,false,false,false,false,false,true,false,false,false,false,false,false,false,false,false,false,false,false,false,"/ficha-mapeo/5.2","/lista-ficha-mapeo/","/lista-ficha-mapeo-2/"
,"15a2c193-b3a8-4c17-b6ca-1b59e7a050f1","4cae7c50-911e-4ce3-af40-51b09400bae8",2019-04-05T18:50:20Z,2019-04-05T18:50:20Z,"Irene Carrillo de Albornoz",5,"5.3","iPASEN","Consejería de Educación y Deporte","N/D",2014,"ACTUALIDAD",true,"INST","Andalucía","Andalucía",true,false,false,false,false,false,false,false,false,false,false,false,false,false,false,false,false,false,false,false,false,true,false,false,false,false,false,false,false,false,false,false,false,false,false,"/ficha-mapeo/5.3","/lista-ficha-mapeo/","/lista-ficha-mapeo-2/"
,"01b0fafc-ccd5-421c-91b7-c698bf4cabfb","4cae7c50-911e-4ce3-af40-51b09400bae8",2019-04-05T18:50:20Z,2019-04-05T18:50:20Z,"Irene Carrillo de Albornoz",5,"5.4","EXTENDA MARCA","EXTENDA","N/D",2016,"ACTUALIDAD",true,"INST","Andalucía","Andalucía",true,false,false,false,false,false,false,false,false,false,false,false,false,false,false,false,false,false,false,false,false,false,false,false,false,true,false,false,false,false,false,false,false,false,false,"/ficha-mapeo/5.4","/lista-ficha-mapeo/","/lista-ficha-mapeo-2/"
,"c4f3489d-e065-42fe-8300-842c03452daa","4cae7c50-911e-4ce3-af40-51b09400bae8",2019-04-05T18:50:20Z,2019-04-05T18:50:20Z,"Irene Carrillo de Albornoz",5,"5.5","Laboratorios Infantiles en Terapias Avanzadas","Fundación Progreso y Salud","N/D",2007,"ACTUALIDAD",true,"EM","Andalucía","Andalucía",true,false,false,false,false,false,false,false,false,false,false,false,false,false,false,false,false,false,false,false,false,true,false,false,false,false,false,true,false,false,false,false,false,false,false,"/ficha-mapeo/5.5","/lista-ficha-mapeo/","/lista-ficha-mapeo-2/"
,"89c92115-ee15-4889-8444-c217f6e1eded","4cae7c50-911e-4ce3-af40-51b09400bae8",2019-04-05T18:50:20Z,2019-04-05T18:50:20Z,"Irene Carrillo de Albornoz",5,"5.6","DemoLab","Consejería de Turismo","Laura Gonzalez Garcia",2012,"ACTUALIDAD",true,"EM","Málaga","Andalucía",true,false,false,false,false,false,true,false,false,false,false,false,false,false,true,false,false,false,false,false,false,false,false,false,false,false,false,false,false,false,false,false,false,false,false,"/ficha-mapeo/5.6","/lista-ficha-mapeo/","/lista-ficha-mapeo-2/"
,"2100eb01-a99f-481e-91ad-3a8d6e412e33","4cae7c50-911e-4ce3-af40-51b09400bae8",2019-04-05T18:50:20Z,2019-04-05T18:50:20Z,"Mercedes Garcia Padilla",6,"6.1","Red de Información Ambiental de Andalucía-REDIAM","Consejería de Medio Ambiente","Josem.moreira@juntadeandalucia.es",2001,"ACTUALIDAD",true,"INST","ANDALUCIA","ANDALUCIA",true,false,false,false,false,true,true,true,false,false,false,false,false,false,false,false,false,false,false,false,false,false,false,false,true,false,false,false,false,false,false,false,false,true,true,"/ficha-mapeo/6.1","/lista-ficha-mapeo/","/lista-ficha-mapeo-2/"
,"e6f8b820-432b-4112-831c-83cf0ef1a1fd","4cae7c50-911e-4ce3-af40-51b09400bae8",2019-04-05T18:50:20Z,2019-04-05T18:50:20Z,"Mercedes Garcia Padilla",6,"6.2","Plan INFOCA. Prevención y Extinción de Incendios Forestales en Andalucía","Consejería de Medio Ambiente.","dggmnep.secretaria.cmaot@juntadeandalucia.es",1995,"ACTUALIDAD",true,"INST","ANDALUCIA","ANDALUCIA",true,false,false,false,true,false,true,false,true,true,false,false,false,false,false,false,false,false,false,false,false,false,false,false,true,false,false,false,false,false,false,false,false,true,true,"/ficha-mapeo/6.2","/lista-ficha-mapeo/","/lista-ficha-mapeo-2/"
,"8b228807-02fb-4250-9bc8-9ed04cdf6d4f","4cae7c50-911e-4ce3-af40-51b09400bae8",2019-04-05T18:50:20Z,2019-04-05T18:50:20Z,"Mercedes Garcia Padilla",6,"6.3","Impresión de biomodelos 3D en la planificación quirúrgica de la sanidad pública","Consejería de Salud.  Hospital Universitario Virgen del Rocío","N/D",2005,"ACTUALIDAD",true,"INST","SEVILLA","SEVILLA",true,false,false,false,false,false,false,false,true,false,false,false,false,false,false,false,false,false,false,false,false,false,false,false,false,false,false,true,false,false,false,false,false,false,false,"/ficha-mapeo/6.3","/lista-ficha-mapeo/","/lista-ficha-mapeo-2/"
,"e342c3a5-3370-4b62-877a-d89f6f035a64","4cae7c50-911e-4ce3-af40-51b09400bae8",2019-04-05T18:50:20Z,2019-04-05T18:50:20Z,"Mercedes Garcia Padilla",6,"6.4","Servicio Integrado de Atención Ciudadana","Consejería de Medio Ambiente.","N/D",2010,"ACTUALIDAD",true,"INST","ANDALUCIA","ANDALUCIA",true,false,false,false,false,true,false,false,true,true,false,false,false,false,false,false,false,false,false,false,false,false,false,false,true,false,false,false,false,false,false,false,false,false,false,"/ficha-mapeo/6.4","/lista-ficha-mapeo/","/lista-ficha-mapeo-2/"
,"9f2f3b64-3923-4cd4-8cd9-67e066c96208","4cae7c50-911e-4ce3-af40-51b09400bae8",2019-04-05T18:50:20Z,2019-04-05T18:50:20Z,"Mercedes Garcia Padilla",6,"6.5","Sede judicial electrónica de Andalucía","Consejería de Justicia e Interior.  Gestionada ahora por Consejería de Turismo, Regeneración, Justicia y Administración Local","https://sede.justicia.juntadeandalucia.es/portal/adriano/es/contacto/formularioContacto/",2007,"ACTUALIDAD",true,"INST","ANDALUCIA","ANDALUCIA",true,true,false,false,false,true,false,false,false,false,true,false,false,false,false,true,false,false,false,false,false,false,false,false,false,false,false,false,false,false,false,false,false,false,false,"/ficha-mapeo/6.5","/lista-ficha-mapeo/","/lista-ficha-mapeo-2/"
,"cccbc60d-1233-4df2-80c3-c56a3d789740","4cae7c50-911e-4ce3-af40-51b09400bae8",2019-04-05T18:50:20Z,2019-04-05T18:50:20Z,"Antonio Jesús Lara",7,"7.1","Servicio BusBici","Consejería de Fomento Infraestructuras y Ordenación del Territorio ","Dirección general de movilidad",2006,"2019",true,"INST","SEVILLA","SEVILLA",true,false,false,false,false,false,false,false,false,false,false,false,false,false,false,false,false,false,false,false,false,false,false,false,false,false,false,false,false,false,true,false,true,true,false,"/ficha-mapeo/7.1","/lista-ficha-mapeo/","/lista-ficha-mapeo-2/"
,"a0278064-f2f7-4950-8c21-faa76233afdd","4cae7c50-911e-4ce3-af40-51b09400bae8",2019-04-05T18:50:20Z,2019-04-05T18:50:20Z,"Antonio Jesús Lara",7,"7.10","Restauración de áreas incendiadas mediante tecnología LIDAR","Consejería de Agricultura, Ganadería, Pesca y Desarrollo Sostenible","Dirección General de Medio Natural, Biodiversidad y Espacios Protegidos",2018,"2019",false,"INST","ANDALUCÍA","ANDALUCÍA",true,false,false,false,false,false,true,false,false,false,false,false,false,false,false,false,false,false,false,false,false,false,false,false,true,false,false,false,false,false,false,false,false,false,false,"/ficha-mapeo/7.10","/lista-ficha-mapeo/","/lista-ficha-mapeo-2/"
,"1b288458-af7d-48e6-a1d2-59e67086a38f","4cae7c50-911e-4ce3-af40-51b09400bae8",2019-04-05T18:50:20Z,2019-04-05T18:50:20Z,"Antonio Jesús Lara",7,"7.2","Red Profesional de la Junta de Andalucía","Consejería de la Presidencia, Administración Pública e Interior","Instituto Andaluz de Administración Pública",2015,"2017",true,"INST","ANDALUCÍA","ANDALUCÍA",false,false,false,false,false,true,true,false,true,true,false,false,false,false,false,false,true,false,false,false,false,false,false,false,false,false,false,false,false,false,false,false,false,false,false,"/ficha-mapeo/7.2","/lista-ficha-mapeo/","/lista-ficha-mapeo-2/"
,"5dba531a-29c7-474b-ab6b-ee9768adf23a","4cae7c50-911e-4ce3-af40-51b09400bae8",2019-04-05T18:50:20Z,2019-04-05T18:50:20Z,"Antonio Jesús Lara",7,"7.3","Subsistema CLIMA","Consejería de Agricultura, Ganadería, Pesca y Desarrollo Sostenible","Secretaría General de Medio Ambiente, Agua y Cambio Climático",1999,"2019",true,"INST","ANDALUCÍA","ANDALUCÍA",false,false,false,false,false,false,true,false,false,true,false,false,false,false,false,false,false,false,false,false,false,false,false,false,true,false,false,false,false,false,false,false,false,false,false,"/ficha-mapeo/7.3","/lista-ficha-mapeo/","/lista-ficha-mapeo-2/"
,"5aa98dc1-7926-4397-beff-ae0eda102e3e","4cae7c50-911e-4ce3-af40-51b09400bae8",2019-04-05T18:50:20Z,2019-04-05T18:50:20Z,"Antonio Jesús Lara",7,"7.4","Utilización de drones en el seguimiento de especies amenazadas","Consejería de Agricultura, Ganadería, Pesca y Desarrollo Sostenible","Agencia de Medio Ambiente y Agua",2018,"2019",false,"INST","SEVILLA","ANDALUCÍA",false,false,false,false,false,false,true,false,false,false,false,false,false,false,false,false,false,false,false,false,false,false,false,false,true,false,false,false,false,true,false,false,false,false,false,"/ficha-mapeo/7.4","/lista-ficha-mapeo/","/lista-ficha-mapeo-2/"
,"c9dcf0b1-e967-4ee5-afcf-3a85192fc3f4","4cae7c50-911e-4ce3-af40-51b09400bae8",2019-04-05T18:50:20Z,2019-04-05T18:50:20Z,"Antonio Jesús Lara",7,"7.5","Proyecto Integral para el apoyo a juventud emprendedora en el sector agrario.   ","Consejería de Agricultura, Ganadería, Pesca y Desarrollo Sostenible","N/D",2017,"2020",false,"INST","ANDALUCÍA","ANDALUCÍA",true,false,false,false,false,false,true,false,false,true,false,false,false,false,false,false,false,false,false,false,false,false,false,true,false,true,false,false,false,true,false,false,false,true,false,"/ficha-mapeo/7.5","/lista-ficha-mapeo/","/lista-ficha-mapeo-2/"
,"05da9a1b-422a-47f9-b058-941e6c87ce8d","4cae7c50-911e-4ce3-af40-51b09400bae8",2019-04-05T18:50:20Z,2019-04-05T18:50:20Z,"Antonio Jesús Lara",7,"7.6","Programa Forma Joven","Consejería de Salud y Familias","N/D",2001,"ACTUALIDAD",true,"INST","ANDALUCÍA","ANDALUCÍA",true,false,false,true,false,false,false,false,false,false,false,true,true,false,false,false,false,false,false,false,false,true,false,false,false,false,false,true,false,false,false,false,false,true,false,"/ficha-mapeo/7.6","/lista-ficha-mapeo/","/lista-ficha-mapeo-2/"
,"2da3cf59-8483-41f0-adc3-3f23ff36f364","4cae7c50-911e-4ce3-af40-51b09400bae8",2019-04-05T18:50:20Z,2019-04-05T18:50:20Z,"Antonio Jesús Lara",7,"7.7","IGUALARTE","Consejería de Agricultura, Ganadería, Pesca y Desarrollo Sostenible","GDR Valle del Guadallhorce",2009,"2015",true,"EM","MÁLAGA","MÁLAGA",true,false,false,false,false,false,false,false,false,false,false,true,true,false,false,false,false,false,false,false,false,true,false,false,false,true,false,false,false,true,false,false,false,true,false,"/ficha-mapeo/7.7","/lista-ficha-mapeo/","/lista-ficha-mapeo-2/"
,"b0f8c8ee-f201-47b9-b565-05f27fabc9ab","4cae7c50-911e-4ce3-af40-51b09400bae8",2019-04-05T18:50:20Z,2019-04-05T18:50:20Z,"Antonio Jesús Lara",7,"7.8","Observatorio de la Infancia en Andalucía (OIA)","Consejería de Igualdad, Políticas Sociales y Conciliación","N/D",2003,"ACTUALIDAD",true,"INST","ANDALUCÍA","ANDALUCÍA",true,false,false,false,false,false,false,false,true,true,false,false,true,false,false,false,false,false,false,false,false,true,false,false,false,false,true,true,false,false,false,false,false,false,false,"/ficha-mapeo/7.8","/lista-ficha-mapeo/","/lista-ficha-mapeo-2/"
,"da0f3d27-a2bf-4880-8e6e-f0f442fbeb64","4cae7c50-911e-4ce3-af40-51b09400bae8",2019-04-05T18:50:20Z,2019-04-05T18:50:20Z,"Antonio Jesús Lara",7,"7.9","Mundo Rural en Femenino","Consejería de Agricultura, Ganadería, Pesca y Desarrollo Sostenible","Dirección General de Desarrollo Sostenible del Medio Rural",2010,"ACTUALIDAD",true,"INST","ANDALUCÍA","ANDALUCÍA",true,false,false,false,false,false,false,false,false,false,false,true,false,false,false,false,false,false,false,false,false,false,false,false,false,false,false,false,true,true,false,false,false,true,false,"/ficha-mapeo/7.9","/lista-ficha-mapeo/","/lista-ficha-mapeo-2/"
,"c0872371-9efb-456d-8722-ee7483666be4","4cae7c50-911e-4ce3-af40-51b09400bae8",2019-04-05T18:50:20Z,2019-04-05T18:50:20Z,"EMILIO J. MANSO",9,"9.1","ANDALUCIA OPEN FUTURE","CONSEJERIA DE ECONOMIA, CONOCIMIENTO, EMPRESAS Y UNIVERSIDAD EN COLABORACIÓN CON TELEFÓNICA","ANDALUCIA@OPENFUTURE.ORG",2013,"ACTUALIDAD",true,"INST","ANDALUCIA","ANDALUCIA",true,true,false,true,true,false,true,false,true,true,false,false,false,false,false,false,false,false,true,false,false,false,false,false,false,true,true,false,false,false,false,false,false,false,false,"/ficha-mapeo/9.1","/lista-ficha-mapeo/","/lista-ficha-mapeo-2/"
,"4ec9e4fd-9790-40a9-a7e1-7603b010425a","4cae7c50-911e-4ce3-af40-51b09400bae8",2019-04-05T18:50:20Z,2019-04-05T18:50:20Z,"EMILIO J. MANSO",9,"9.2","SUD SOSTENIBLE (SISTEMAS URBANOS DE DRENAJE SOSTENIBLE)","CONSEJERIA AGRICULTURA, GANADERÍA, PESCA Y DESARROLLO SOSTENIBLE","ANA ABELLÁN",2016,"ACTUALIDAD",true,"INST","ANDALUCIA","ANDALUCIA",true,false,false,false,false,false,false,false,false,false,false,false,false,false,false,false,false,false,false,false,false,false,false,true,false,false,false,false,false,false,false,false,true,false,false,"/ficha-mapeo/9.2","/lista-ficha-mapeo/","/lista-ficha-mapeo-2/"
,"dc98ff09-5a36-4509-af00-bc71f6c35028","4cae7c50-911e-4ce3-af40-51b09400bae8",2019-04-05T18:50:20Z,2019-04-05T18:50:20Z,"EMILIO J. MANSO
",9,"9.3","LIVING LAB SALUD ANDALUCIA","CONSEJERIA DE INNOVACION, CIENCIA Y EMPRESA Y DE SALUD","JUAN LAGO (JUAN.LAGO@IAVANTE.ES) ",2008,"ACTUALIDAD",true,"INST","ANDALUCIA","ANDALUCIA",true,false,false,true,true,false,true,false,true,false,false,false,false,false,false,false,false,false,true,false,false,false,false,false,false,true,true,true,false,false,false,false,false,false,false,"/ficha-mapeo/9.3","/lista-ficha-mapeo/","/lista-ficha-mapeo-2/"
,"e7195e4c-3abe-4a6d-ba2a-2f1e96fd7b14","4cae7c50-911e-4ce3-af40-51b09400bae8",2019-04-05T18:50:20Z,2019-04-05T18:50:20Z,"EMILIO J. MANSO
",9,"9.4","PROGRAMA ADE (ACELERADORA DE EMPRESAS 2020)","CONSEJERIA DE ECONOMIA Y CONOCIMIENTO","CENTROS CADE (CENTRO ANDALUZ DE EMPRENDIMIENTO)",2016,"ACTUALIDAD",true,"INST","MÁLAGA","ANDALUCIA",true,false,false,true,false,false,false,false,false,false,false,false,false,false,true,false,false,false,true,false,false,false,false,false,false,true,false,false,false,false,false,false,false,false,false,"/ficha-mapeo/9.4","/lista-ficha-mapeo/","/lista-ficha-mapeo-2/"
,"5b5d3926-907f-42be-938b-973c76532700","4cae7c50-911e-4ce3-af40-51b09400bae8",2019-04-05T18:50:20Z,2019-04-05T18:50:20Z,"EMILIO J. MANSO
",9,"9.5","PROGRAMA INNBIO-ADVANCE","CONSEJERIA DE SALUD EN COLABORACION CON LA FUNDACION PARA LA INVESTIGACION BIOSANITARIA DE ANDALUCIA ORIENTAL (FIBAO) Y LA PARTICIPACION ECONOMICA DE LA FUNDACION CAJA RURAL Y CAJA GRANADA FUNDACION","FIBAO Y EL INSTITUTO DE INVESTIGACION BIOMEDICA DE GRANADA (IBS GRANADA)",2012,"ACTUALIDAD",true,"INST","JAEN, ALMERIA Y GRANADA","GRANADA, JAEN Y ALMERIA",true,false,false,false,false,false,true,false,true,true,false,false,false,false,false,false,false,false,false,false,false,false,false,false,false,false,false,true,false,false,false,false,false,false,false,"/ficha-mapeo/9.5","/lista-ficha-mapeo/","/lista-ficha-mapeo-2/"
,"ab8c1343-3f97-4b7b-ab5c-a2bb4c13a45e","4cae7c50-911e-4ce3-af40-51b09400bae8",2019-04-05T18:50:20Z,2019-04-05T18:50:20Z,"EMILIO J. MANSO
",9,"9.6","PROGRAMA INNICIA CULTURA EMPRENDEDORA","CONSEJERIA DE EDUCACION Y DEPORTE","DIRECCION GENERAL DE INNOVACION Y FORMACION DEL PROFESORADO (955064195/4320/4191). GRUPO INNICIA (WHASTAPP 670942148). ANA BELEN GARCIA (ABGARCIA@ANDALUCIAEMPRENDE.ES). CULTURAEMPRENDEDORA.CED@JUNTADEANDALUCIA.ES",2016,"ACTUALIDAD",true,"INST","ANDALUCIA","ANDALUCIA",true,true,true,true,true,true,false,false,true,true,false,false,false,false,false,false,false,false,true,false,false,true,false,false,false,true,false,false,false,false,false,true,false,false,false,"/ficha-mapeo/9.6","/lista-ficha-mapeo/","/lista-ficha-mapeo-2/"
,"fb19d118-3d15-47ac-87b6-36bdcea4a522","4cae7c50-911e-4ce3-af40-51b09400bae8",2019-04-05T18:50:20Z,2019-04-05T18:50:20Z,"EMILIO J. MANSO
",9,"9.7","URBARURAL SOSTENIBLE","CONSEJERIA DE AGRICULTURA, GANADERIA, PESCA Y DESARROLLO SOSTENIBLE","ARA (ASOCIACION PARA EL DESARROLLO RURAL DE ANDALUCIA)",2010,"ACTUALIDAD",true,"INST","ANDALUCIA","ANDALUCIA",false,false,false,true,true,false,true,false,true,false,false,true,false,false,false,false,false,false,true,false,false,false,false,true,true,true,false,false,false,true,false,false,true,true,false,"/ficha-mapeo/9.7","/lista-ficha-mapeo/","/lista-ficha-mapeo-2/"
,"ce6e751d-da45-46ea-8fb9-d64188acdf79","4cae7c50-911e-4ce3-af40-51b09400bae8",2019-04-05T18:50:20Z,2019-04-05T18:50:20Z,"EMILIO J. MANSO
",9,"9.9","ANDALUCIA LAB","CONSEJERIA DE TURISMO, REGENERACIÓN, JUSTICIA Y ADMINISTRACION LOCAL","N/D","2015 (AUNQUE PUEDE QUE ANTES)","ACTUALIDAD",true,"INST","ANDALUCIA","ANDALUCIA",false,false,false,true,false,false,true,false,true,false,false,false,false,false,true,false,false,false,true,false,false,false,false,false,false,true,false,false,false,false,false,false,false,false,false,"/ficha-mapeo/9.9","/lista-ficha-mapeo/","/lista-ficha-mapeo-2/"
,"15630221-026b-4bf9-a048-d3890b889e42","4cae7c50-911e-4ce3-af40-51b09400bae8",2019-04-05T18:50:20Z,2019-04-05T18:50:20Z,"RAFAEL ZAFRA",10,"10.01","APRENDE A CRECER CON SEGURIDAD","CPRL JAEN","MANUEL SORIANO SERRANO",1994,"ACTUALIDAD",true,"EM","JAEN","ANDALUCIA",false,false,false,false,false,false,false,false,false,true,false,false,true,false,false,false,false,false,true,false,false,true,false,false,false,false,false,false,false,false,false,false,false,false,false,"/ficha-mapeo/10.01","/lista-ficha-mapeo/","/lista-ficha-mapeo-2/"
,"018b9fba-0b90-40a5-afa8-22627a03686f","4cae7c50-911e-4ce3-af40-51b09400bae8",2019-04-05T18:50:20Z,2019-04-05T18:50:20Z,"RAFAEL ZAFRA",10,"10.02","ELECTRIFICACIÓN RURAL AISLADA","CONSEJERIA OBRAS PUBLICAS Y TRANSPORTES","DIRECCIÓN GENERAL ARQUITECTURA Y VIVIENDA",1987,"ACTUALIDAD",true,"INST","ANDALUCIA","ANDALUCIA",true,false,false,false,false,false,true,false,false,false,false,false,false,false,false,false,false,false,false,false,true,false,false,false,false,false,false,false,false,true,false,false,true,true,false,"/ficha-mapeo/10.02","/lista-ficha-mapeo/","/lista-ficha-mapeo-2/"
,"9aa85c4e-9af5-47c2-9381-959cc3fa8aee","4cae7c50-911e-4ce3-af40-51b09400bae8",2019-04-05T18:50:20Z,2019-04-05T18:50:20Z,"RAFAEL ZAFRA",10,"10.03","BONIFICACIÓN DEL 99% DE CADA CRÉDITO APROBADO EN PRIMERA MATRICULA","CONSEJERIA DE ECONOMIA, CONOCIMIENTO, EMPRESAS Y UNIVERSIDAD","N/D",2017,"ACTUALIDAD",true,"INST","ANDALUCIA","ANDALUCIA",true,false,false,false,false,false,false,false,false,false,false,false,false,false,false,false,false,false,false,false,false,false,false,false,false,false,true,false,false,false,false,false,false,false,false,"/ficha-mapeo/10.03","/lista-ficha-mapeo/","/lista-ficha-mapeo-2/"
,"3097acd7-dc63-4316-a5e6-6973631db6e0","4cae7c50-911e-4ce3-af40-51b09400bae8",2019-04-05T18:50:20Z,2019-04-05T18:50:20Z,"RAFAEL ZAFRA",10,"10.04","REHABILITACION AUTONOMICA PREFERENTE DE VIVIENDAS","CONSEJERIA DE OBRAS PÚBLICAS Y TRANSPORTES","DIRECCIÓN GENERAL ARQUITECTURA Y VIVIENDA",1985,"2009",true,"INST","ANDALUCIA","ANDALUCIA",true,false,false,false,false,false,false,false,false,false,false,false,false,false,false,false,false,false,false,false,false,false,false,false,false,false,false,false,false,false,false,false,true,true,false,"/ficha-mapeo/10.04","/lista-ficha-mapeo/","/lista-ficha-mapeo-2/"
,"f62ccb06-7a5b-4e8c-acc5-66914cb03c91","4cae7c50-911e-4ce3-af40-51b09400bae8",2019-04-05T18:50:20Z,2019-04-05T18:50:20Z,"RAFAEL ZAFRA",10,"10.05","ALERTA ACCIDENTES","CONSEJERIA DE EMPLEO, FORMACIÓN Y TRABAJO AUTÓNOMO","SEGURIDAD Y SALUD LABORAL",2017,"ACTUALIDAD",true,"EM","ANDALUCIA","ANDALUCIA",true,false,false,true,false,false,false,false,false,false,false,false,false,false,false,false,false,false,true,false,false,false,false,false,false,false,false,false,false,false,false,false,false,false,false,"/ficha-mapeo/10.05","/lista-ficha-mapeo/","/lista-ficha-mapeo-2/"
,"6287ad55-7f11-4463-8d9a-c7b2a7e72278","4cae7c50-911e-4ce3-af40-51b09400bae8",2019-04-05T18:50:20Z,2019-04-05T18:50:20Z,"RAFAEL ZAFRA",10,"10.06","PUDO HABERSE EVITADO","CONSEJERIA DE EMPLEO, FORMACIÓN Y TRABAJO AUTÓNOMO","LUIS PIÑERO PIOLESTAN",2011,"ACTUALIDAD",true,"INST","ANDALUCIA","ANDALUCIA",true,false,false,false,false,false,false,false,false,false,false,false,true,false,false,false,false,false,true,false,false,false,false,false,false,false,false,false,false,false,false,false,false,false,false,"/ficha-mapeo/10.06","/lista-ficha-mapeo/","/lista-ficha-mapeo-2/"
,"d5ee22f6-f842-48d7-9f53-46c0739e8944","4cae7c50-911e-4ce3-af40-51b09400bae8",2019-04-05T18:50:20Z,2019-04-05T18:50:20Z,"RAFAEL ZAFRA",10,"10.07","PROGRAMA INTEGRAL DE SILICOSIS EN ANDALUCIA EN EL MANIPULADO DE AGLOMERADOS DE CUARZO - PISA","CONSEJERIA DE SALUD / COBSEJERIA  DE EMPLEO, EMPRESA Y COMERCIO","JUAN FRANCISCO ALVAREZ ZARALLO",2017,"ACTUALIDAD",true,"EM","ANDALUCIA","ANDALUCIA",true,false,false,false,false,false,false,false,false,false,false,false,true,false,false,false,false,false,true,false,false,false,false,false,false,false,false,true,false,false,false,false,false,false,false,"/ficha-mapeo/10.07","/lista-ficha-mapeo/","/lista-ficha-mapeo-2/"
